Sequence_ID	Sequence	Length	Charge	Probability_score	AMPlify_log_scaled_score	Prediction
AMP0	MANRIIRKLLGSIGPES	17	2	0.0002803799870889634	0.0012	non-AMP
AMP1	MGPYTILRYSWFKRILIM	18	3	0.03119768016040325	0.1376	non-AMP
AMP2	MVSKPCSVIRISGSKPK	17	4	0.002348169917240739	0.0102	non-AMP
AMP3	ISGSIVLLETKIRYRNL	17	2	0.2867611050605774	1.4676	non-AMP
AMP4	MVLLIRYTKLLVIRIM	16	3	8.389000140596181e-05	0.0004	non-AMP
AMP5	MAMIRNALKLVLKLLLV	17	3	0.2446606457233429	1.2186	non-AMP
AMP6	MGPYRLEPGNRLKTKMLL	18	3	0.003211250063031912	0.014	non-AMP
AMP7	MGPESAYTKVLKSCTYS	17	1	0.0009875199757516384	0.0043	non-AMP
AMP8	ITKLKSGMVIRILIRN	16	4	0.6724640130996704	4.8474	AMP
AMP9	MVTKFWSKLKTKILKTVMK	19	6	0.01257868018001318	0.055	non-AMP
AMP10	IRILVLVKSVKTYASYL	17	3	0.7702900171279907	6.3882	AMP
AMP11	MANRILVVMGSKLIRYSV	18	3	1.4000000192027073e-05	0.0001	non-AMP
AMP12	MVLILVIRILVVNRILM	17	2	0.0001879600022220984	0.0008	non-AMP
AMP13	MAMLAFGTYRLIVLKQ	16	2	7.979999645613134e-05	0.0003	non-AMP
AMP14	MGHCQGLIRKPEMVLVLIV	19	1	1.528999928268604e-05	0.0001	non-AMP
AMP15	ILANRYRLIKSGITKFVT	18	4	0.7891610264778137	6.7605	AMP
AMP16	MWQKRFGLSDHCTNGQ	16	1	0.0019534900784492493	0.0085	non-AMP
AMP17	IRKSGSKRIVIREPKFV	17	5	0.07456450164318085	0.3365	non-AMP
AMP18	MVLLKPCLIVVMGSKF	16	2	0.0003733700141310692	0.0016	non-AMP
AMP19	MGQVISDHDSVVIVVRNT	18	-1	1.5999999902760464e-07	0.0	non-AMP
AMP20	MAFAMVIRIGQDPETYL	17	-1	0.0001122899993788451	0.0005	non-AMP
AMP21	MVLMVSKLLVMRYPAFV	17	2	5.750000127591193e-06	0.0	non-AMP
AMP22	MAMLGHDSVVMANVLM	16	-1	0.0010972400195896626	0.0048	non-AMP
AMP23	MGQCPETLEPCTKTYMV	17	-1	2.399999914359796e-07	0.0	non-AMP
AMP24	LIVTYLRKMASEPERFK	17	2	0.2717396914958954	1.3771	non-AMP
AMP25	MAFRKSGLKTERFDPAYSG	19	2	0.0001446899987058714	0.0006	non-AMP
AMP26	MAMVLMDHDLMWFKLM	16	-1	0.0009929899824783206	0.0043	non-AMP
AMP27	MAMVMVVLKVIRYIRIMV	18	3	0.0005356200272217393	0.0023	non-AMP
AMP28	MAMLVSKRILKPKSVF	16	4	0.0006828799960203469	0.003	non-AMP
AMP29	MANTKSGSCPETVIM	15	0	0.0001722799934213981	0.0007	non-AMP
AMP30	MGQGFAKSAILLKMANTKS	19	3	0.0005625199992209673	0.0024	non-AMP
AMP31	LIVLKSDHDLMGISDHKS	18	-1	0.0015525900525972247	0.0067	non-AMP
AMP32	LIRILKTYRVNRVNRVFR	18	6	0.9883370995521545	19.332	AMP
AMP33	MAFGHDQGTEPERMVLLR	18	-1	6.6500001594249625e-06	0.0	non-AMP
AMP34	IRYRSCSLDQAILVIAMAN	19	1	0.09667772799730301	0.4416	non-AMP
AMP35	MGQGSIGQWNLVVLRYSA	18	1	7.999999979801942e-06	0.0	non-AMP
AMP36	LILVLMGSYRVNALNASKS	19	2	0.6233625411987305	4.2408	AMP
AMP37	LITGFGVMAILVIRKMVL	18	2	0.05030544102191925	0.2242	non-AMP
AMP38	MVSVMRYTKVSCTIKRFALM	20	4	0.00048499999684281647	0.0021	non-AMP
AMP39	MGPYRSCSKLVLILAFV	17	2	0.00030059998971410096	0.0013	non-AMP
AMP40	MASKTKIRVMGLVYTAFAL	19	3	0.00020739999308716506	0.0009	non-AMP
AMP41	MGFALIVLLGFAVLNWHCTN	20	0	0.04936312884092331	0.2199	non-AMP
AMP42	MGMRYPCTYASETILIT	17	0	9.090999810723588e-05	0.0004	non-AMP
AMP43	MAMVLIAQDSLGFVVSVLI	19	-1	4.7700000322947744e-06	0.0	non-AMP
AMP44	MGSKTYRLIRIIAFGSVLL	19	3	0.0002554600068833679	0.0011	non-AMP
AMP45	MGQCPETKLLVNALLNRL	18	1	1.2350000361038838e-05	0.0001	non-AMP
AMP46	MANRKSVKLVITYVPCQGS	19	3	0.0003046699857804924	0.0013	non-AMP
AMP47	MGQGFAVMAKSCLSGQV	17	1	0.001120290020480752	0.0049	non-AMP
AMP48	MAMVVMGSCSVKMAVNAM	18	1	2.488999962224625e-05	0.0001	non-AMP
AMP49	MAFVLLIVTESRIIRVNRGFA	21	2	1.950000068973168e-06	0.0	non-AMP
AMP50	MANRKSGLIRMVLLI	15	3	0.0006194100133143365	0.0027	non-AMP
AMP51	ILRNVTESAKMAYPDPEL	18	-1	0.019837019965052605	0.087	non-AMP
AMP52	MVTYTVYTVIRLILRYT	17	2	2.4799999209790258e-06	0.0	non-AMP
AMP53	MGSKRMKRIVLVLVNTL	17	4	0.0007895500166341662	0.0034	non-AMP
AMP54	MVLILLGQGVSERSKLI	17	1	1.6969999705906957e-05	0.0001	non-AMP
AMP55	MAFRISGMRKMRKSVILLL	19	5	0.1378079354763031	0.644	non-AMP
AMP56	MGSIVTYVTELTETIGPIAF	20	-2	2.798999958031345e-05	0.0001	non-AMP
AMP57	MVSKTKIRILGMVKSAMVI	19	4	0.0001958799985004589	0.0009	non-AMP
AMP58	MGQKRFGLSDQREHCPI	17	1	0.00011975000234087929	0.0005	non-AMP
AMP59	MVVSGQGIRIVLRYLTYTV	19	2	4.999999987376214e-07	0.0	non-AMP
AMP60	MAFGSGMVANVLVITEPKAMI	21	0	0.003480880055576563	0.0151	non-AMP
AMP61	MGMGSKLLVLIAFGQGISAISTT	23	1	0.0001639300025999546	0.0007	non-AMP
AMP62	MVMGQGVQDSIRKSIGHDPV	20	0	3.635000030044466e-05	0.0002	non-AMP
AMP63	MANALNATEFWSYASKSAFAQ	21	0	0.0005928800092078745	0.0026	non-AMP
AMP64	VFAVFWNRIGQWNVLVLAMVP	21	1	0.820659339427948	7.4632	AMP
AMP65	MAFAISGSIGSIVVQDTLGSSTT	23	-1	2.9490000088117085e-05	0.0001	non-AMP
AMP66	LIVRIIRVNAVFWSIVVPDFAP	22	1	0.22945263981819153	1.132	non-AMP
AMP67	MAFAMVLVITCQCRFWQGTYPRP	23	2	2.7379999664844945e-05	0.0001	non-AMP
AMP68	MVSKSVILVVSKVFAAFCPAFST	23	2	0.004498939961194992	0.0196	non-AMP
AMP69	MAILVLNAVSERTYKPGMTCHR	22	2	0.00013132000458426774	0.0006	non-AMP
AMP70	MGQCHDSMWFLGMLKLTCQGQ	21	0	0.1027628630399704	0.4709	non-AMP
AMP71	MGSIRILGFAILVCHCLLLCHGPA	24	1	0.01348629966378212	0.059	non-AMP
AMP72	MVSKSREHDLSERFGIQWSKSS	22	1	5.5219999921973795e-05	0.0002	non-AMP
AMP73	MVSKSGFVAFVVMAILLLVKQAP	23	2	6.913999823154882e-05	0.0003	non-AMP
AMP74	MRILKTYRILVLVMRCQAVMLLT	23	4	1.587999940966256e-05	0.0001	non-AMP
AMP75	MGSIKPKKPCLLKITKMRKLIR	22	8	0.032048679888248444	0.1415	non-AMP
AMP76	MGSETKMGFWFAKMAKQDPGFTT	23	1	0.000231869998970069	0.001	non-AMP
AMP77	MVLILVFGLILAFDPETKS	19	-1	1.0239999937766697e-05	0.0	non-AMP
AMP78	MAMVLVSKVTELLVMVLVLL	20	0	8.000000093488779e-07	0.0	non-AMP
AMP79	MVLVIRIGQWSIVLLGSAKQR	21	3	6.2099998103803955e-06	0.0	non-AMP
AMP80	MAFKTANLALIAILKTIVRVKLRM	24	5	0.0001043800002662465	0.0005	non-AMP
AMP81	MGQKRMKRNARNGPELLVLVSAS	23	4	0.0005186100024729967	0.0023	non-AMP
AMP82	MRNRMKRNRKSKTKSAIRIM	20	9	0.0009225099929608405	0.004	non-AMP
AMP83	MKTIMASYASKLLRYRSKTKSS	22	6	0.00010024000221164897	0.0004	non-AMP
AMP84	MAFGPESAILIRKFGRFGTMT	21	2	9.610000233806204e-06	0.0	non-AMP
AMP85	MVMVLIVLVIAMGMVVNTAILRPL	24	1	1.1800000265793642e-06	0.0	non-AMP
AMP86	MGQKSANVTKMASEPGFATYPT	22	1	7.0900000537221786e-06	0.0	non-AMP
AMP87	MANRKPCLLGMVLVMANTEPGFWP	24	1	4.4979999074712396e-05	0.0002	non-AMP
AMP88	MGQCPKKPCISGISVKPKRNAL	22	5	0.0004880499909631908	0.0021	non-AMP
AMP89	ITKLLRYSAIIRILSGSVAQ	20	3	0.9198868870735168	10.963	AMP
AMP90	MANRYTVYTANVRLITEPAILVRLVTTSMPP	31	2	6.4000000747910235e-06	0.0	non-AMP
AMP91	MAMKTKILRKMRGFRKITKLTKFAPCPFAP	30	9	0.0014654099941253662	0.0064	non-AMP
AMP92	MAFGPELTETIVRNVVRYIASYRVPKH	27	2	0.0020753899589180946	0.009	non-AMP
AMP93	LNAMRILLVLIALIVLVFGTLYLALMALQGST	32	1	0.006282819900661707	0.0274	non-AMP
AMP94	MAMKRMKTKIRMGSIVAQDLRYRSVTM	27	6	5.267999949865043e-05	0.0002	non-AMP
AMP95	MAQCPKKPKKTNALSKAFAKTMKTMAPLMTP	31	7	0.00024202000349760056	0.0011	non-AMP
AMP96	MVVILVIVLKTKMAVFCTVYRMKLLRLIMRLS	32	6	7.420000201818766e-06	0.0	non-AMP
AMP97	MVLILVLIRILKLLGSIAQDPKLRFAPF	28	3	0.00010473000293131918	0.0005	non-AMP
AMP98	MVSEPGNRLCPEVTKFAVSGFALNRTS	27	1	0.0020558000542223454	0.0089	non-AMP
AMP99	MLLILRYSGLMVVRNVASIGPYRIPWFST	29	3	1.740000016070553e-06	0.0	non-AMP
AMP100	MVILLKSKTKSGLITGMMAVQCSVLRSTNPR	31	5	8.784999954514205e-05	0.0004	non-AMP
AMP101	MAFGSAYTCSVLKTKMAMLDQRYAQVGSNTTVH	33	2	0.03421739861369133	0.1512	non-AMP
AMP102	MGSKLLGFAILVVMAIMAMVSKLAQAH	27	2	8.263999916380271e-05	0.0004	non-AMP
AMP103	MVSKRSKRMANRANMWQKVTVITGQASQ	28	6	6.354999641189352e-05	0.0003	non-AMP
AMP104	MGQKTYTGFVRNALIVLIVTESIWQVKPKP	30	3	0.0002897100057452917	0.0013	non-AMP
AMP105	MANRGHDIPWNSWPYKTANGPGFAPVH	27	1	0.00026880999212153256	0.0012	non-AMP
AMP106	MGQGMRYLRYLREPCLIVLRKMAPR	25	5	0.00016141000378411263	0.0007	non-AMP
AMP107	LYRVNATYTGMVLVLVNAPETSGLPAQ	27	0	0.0006102600018493831	0.0027	non-AMP
AMP108	LISWFVGSIDPVYATYGPKANRVKNRWFLALGH	33	3	0.7945097088813782	6.8721	AMP
AMP109	MANRGQKVTELTEPKLKPERQCMGTILTILSR	32	3	2.3299999156733975e-05	0.0001	non-AMP
AMP110	MAFGSVEPVEHWNTGMKRNAISGISVVSEPLQ	32	-1	0.0019580901134759188	0.0085	non-AMP
AMP111	MAFAMVLIRYTKVSVKQGMRMKTKPGHT	28	6	0.006057550199329853	0.0264	non-AMP
AMP112	MAFGTYRILGSKRIIRKMVLLYRIRVMT	28	7	6.957000005058944e-05	0.0003	non-AMP
AMP113	MKRNGQGLYTGFGSGSKTVMGQCSILRIFAP	31	4	1.0519999705138616e-05	0.0	non-AMP
AMP114	IPDQGSKITDQRKSLVGFRKRQERFVAQGVPI	32	4	0.005470939911901951	0.0238	non-AMP
AMP115	MVLLKQWFVAFVRILKTIKRMIGLLSKRFASVP	33	7	8.10999972600257e-06	0.0	non-AMP
AMP116	MANVAQDMTDMLWMTESAMKTKLEPIRIKVTITPQ	35	0	1.2890000107290689e-05	0.0001	non-AMP
AMP117	MVSANRKTYGTIKTVIIRVNASKTMATF	28	5	2.9499999527615728e-06	0.0	non-AMP
AMP118	MVLVLYRLYRLKLVMANTCSVYRRIRSRF	29	7	5.719999990105862e-06	0.0	non-AMP
AMP119	MRNVRNGSKAFVWQYALLIWHETRQAHTQ	29	3	0.00048397001228295267	0.0021	non-AMP
AMP120	MAMKTEPEVTETETKLVMRKLLKGQAYLLSDSLLSP	36	0	8.709999747225083e-06	0.0	non-AMP
AMP121	MRYLAMKTIKTKSAYTCSLETLAIFARILVLVITSFT	37	4	1.6899999764063978e-06	0.0	non-AMP
AMP122	MANRVFGPELLAIPDPEPDPYATDFAVILMAIHR	34	-3	6.350000148813706e-06	0.0	non-AMP
AMP123	MITYTVYTRYLTAYHDTNALKTIGQVVLMLAYQGPF	36	1	1.8999999440438842e-07	0.0	non-AMP
AMP124	LIKRLYTKTYRVMALIVVMGLLETVLTEQANAFAQLP	37	2	0.3879471719264984	2.1321	non-AMP
AMP125	MAFAMAVLIRVILAFAVISGRMKGFRKLLLVIPGH	35	5	0.01706019975244999	0.0747	non-AMP
AMP126	MAFGTIKSALILKRSETVMWMLVDHRDFTDHCPAFLP	37	0	0.006523270159959793	0.0284	non-AMP
AMP127	MVLIRNRVRYTVLLIVTIVITKAMKVSGFLTDHVFRHDHH	40	4	6.24999984211172e-06	0.0	non-AMP
AMP128	MVVNASCSGLIAIRIVSVIVVLCPETVEHCRNRSVSNASPR	41	2	3.5900000057154102e-06	0.0	non-AMP
AMP129	MANRIVSERIVVLVLIVTYKRSDQGQGNRILGTMGLQMVTQANTH	45	3	0.0007354299887083471	0.0032	non-AMP
AMP130	MVLVILAMIAILLCQGVFGTVIRMGFAVMIWQKTFTT	37	2	0.00018759000522550195	0.0008	non-AMP
AMP131	MKTYTIGQGITVYLRIKTVSCSLGMVLVNIALLSS	35	3	1.596000038261991e-05	0.0001	non-AMP
AMP132	MGPYVPCSKTKSCTVYLLGMVTYRYTGIKPETTL	34	3	1.9069999325438403e-05	0.0001	non-AMP
AMP133	ISGNRKILAYPKVSVKLRYTGFAKSVVKMLANTIIPPF	38	7	0.636124312877655	4.3905	AMP
AMP134	MKTKSIASIWQIGSLGNTCSVSKVTNDPIGFDHGQGH	37	1	2.8300000849412754e-05	0.0001	non-AMP
AMP135	MRILVLIVLMDHWNTDQGITEPCLKTKILVMGSSLTFRP	39	1	6.539999958476983e-06	0.0	non-AMP
AMP136	MVLLKTNGTLEPKAFAKQAKLMAVISDSLLSAHIPP	36	2	0.00012634000449907035	0.0005	non-AMP
AMP137	MKPCFAAFKASVKVTERMGLVMAIGFWSVLKAFGQRMRH	39	6	0.0006756099755875766	0.0029	non-AMP
AMP138	MKPEQACQEATNERPDNTVKSVIGQLDHGMKLLRIPAP	38	0	2.305999987584073e-05	0.0001	non-AMP
AMP139	MAQCPKITVKTIRYTGFGPYATMDMHDAHECTVHELPRP	39	0	0.001295830006711185	0.0056	non-AMP
AMP140	MVFALFDHAEHWIITGMLMWQKGTIVLSCSKLTLFPH	37	0	0.0003796500095631927	0.0016	non-AMP
AMP141	MANRISKLVLILAMVIVLSCMTGYQGRFDHDHVMTSP	37	1	2.58999989455333e-06	0.0	non-AMP
AMP142	MAQCSKVSGMRIVRYRVIVRIITCMLAMIVRIPRSP	36	7	2.5240000468329526e-05	0.0001	non-AMP
AMP143	MGQGMRYRLIAQDPVIGPCSANASDHDTYLAKSTKTIRH	39	2	0.004628300201147795	0.0201	non-AMP
AMP144	MGPKITCQKAFAILVVSVILVLCSKIRLYPKRNRRQ	36	8	0.0002921900013461709	0.0013	non-AMP
AMP145	MRYTGMLGNTGLNALEPGMVLVRYSGVSKSTCHRFP	36	3	0.01001053024083376	0.0437	non-AMP
AMP146	ILVLLKLVYTCPYASIANTCLLKASKKTILGMPEAHTS	38	3	0.6703304648399353	4.8192	AMP
AMP147	MVSEPVEHWKSLAYLLDPMDLSAEQLGSICPIVMTVPL	38	-4	1.626999983272981e-05	0.0001	non-AMP
AMP148	MGSKVTELVTEITAYLRCSIGSLCFAIVVFASVPQ	35	0	1.5730000086477958e-05	0.0001	non-AMP
AMP149	MANAFWSNGTMGFALIVLVVMVVRYLIGQKALMLETRP	38	2	3.220000053261174e-06	0.0	non-AMP
AMP150	MKTIKSAIISALMVITKMLKTKQKVLKLLKAQKITIMLRP	40	10	0.009131859987974167	0.0398	non-AMP
AMP151	MRYRNAMVIAFWQCSIGPNGRQDSEPEVSVLLIPEPVIH	39	-1	0.0005425700219348073	0.0024	non-AMP
AMP152	MVVIVLVILVVMGIRVYPDPYAFWLNWSKLVKSAMAMDHP	40	1	0.00011628000356722623	0.0005	non-AMP
AMP153	MGQGSVKSGISGQAIMAVMERSAIRLYTIVLLIVTNVLRN	40	3	0.001217060023918748	0.0053	non-AMP
AMP154	MKTKMAITEPKRIVTKISGLLLKLVSDQVLVLIIRLYLRR	40	7	3.690000085043721e-06	0.0	non-AMP
AMP155	MLVILVISGNSARFERSAYSVALMDHGLKLLGSLKTVNPP	40	2	1.370999962091446e-05	0.0001	non-AMP
AMP156	MAFGPDQGLLLKLTKSIALLKSRIKTIVSVLIVLSILMGSNA	42	4	9.424999734619632e-05	0.0004	non-AMP
AMP157	MVLIVLIRIILAIMKALYRLIRKLKTKKSKLRLKLTITEPRY	42	11	0.00032171999919228256	0.0014	non-AMP
AMP158	MVVMKTLESVRKMAMAMVVIVRMGITKLAMIAMLYTSASMLT	42	4	1.6579999282839708e-05	0.0001	non-AMP
AMP159	MAQETREFAASYRRYSGTYVSAILGFAAFCLILVTILMRF	40	2	4.25000007453491e-06	0.0	non-AMP
AMP160	MVLVMGPKMAMREPETGMLGQGLVNALVLVIVTIIVMAIMLS	42	0	2.989999984492897e-06	0.0	non-AMP
AMP161	MGSKLRYLRIILVVMIAMKAFGTKNATEPETKVMVAFVLTM	41	4	6.608999683521688e-05	0.0003	non-AMP
AMP162	MKTKMAISGITKKQAKSGMGMLGLLITYRLIAFVIRMSIP	40	7	4.7149998863460496e-05	0.0002	non-AMP
AMP163	MGQDLSDTNGRMKIRMDSSCRMKAITETKMRKQCLTIIPR	40	5	0.001349629950709641	0.0059	non-AMP
AMP164	MKTVYTVLYTANRYRSDQCLLKLRYLAIILAIMLALIFWHY	41	4	2.2500000795844244e-06	0.0	non-AMP
AMP165	MKPETVILVLILAMVIRLYSWMLKLTKVLNAVSKKQALIPT	41	5	2.4950000806711614e-05	0.0001	non-AMP
AMP166	MGSKLLIRNTCTNAVSKLIRIVSGMLRNGPETIRKSIAVSIF	42	6	0.00042738000047393143	0.0019	non-AMP
AMP167	MVSEPGNLVLKSRKSRYVSAKLSGKPEVLNAVFRAQVVH	39	5	0.0015436599496752024	0.0067	non-AMP
AMP168	MKRKIRIKLLGFVANRKVQDQAIRIKPDFRGITILLPDHN	40	7	1.897000038297847e-05	0.0001	non-AMP
AMP169	MIRLIISWQYVPKITIGSNGRQCITIKLAYSWFVLVPEHAS	41	3	5.5479998991359025e-05	0.0002	non-AMP
AMP170	MKTNALIVIRLKMAMGSKSGMLVVMVIVSGSETILVQGMGFR	42	4	4.619999799615471e-06	0.0	non-AMP
AMP171	MGQGLMVVFGRFWQETVILAMGMLGSYAPERNRYRSLIPAFTP	43	2	0.007710670121014118	0.0336	non-AMP
AMP172	MVLVLKSWFAFWQKVSVGFKATELSDPIAIITAMISRSILL	41	2	8.242000330938026e-05	0.0004	non-AMP
AMP173	MAIRIVLNVVSCLLGSIAIVIRIANPDILAYVLSVKPKQLST	42	3	0.0002910899929702282	0.0013	non-AMP
AMP174	MVQCTIKTKMASCSIVLKSDHGITDFGSVKQDPLEPGSVQ	40	0	2.243999915663153e-05	0.0001	non-AMP
AMP175	MVSVNRVNRKMALKSGSCSLKRPDNPGKFALVSKLNTKFAT	41	8	0.0042579201981425285	0.0185	non-AMP
AMP176	MAMALNARMCPGMIRIRKQDTMVGSIRLYRRKPEVQVIHR	40	7	0.0002693900023587048	0.0012	non-AMP
AMP177	MLILLKTIGSKLVMKVTYLAISGVQGILRKLMLGQLIVLLSY	42	5	0.003150129923596978	0.0137	non-AMP
AMP178	MLGMVKPCLLVVLVIVTKISGRSELRVYRNAIVLVQDPLTR	41	4	0.00029148999601602554	0.0013	non-AMP
AMP179	MVLKTICPIGLSCLPDFRGFAITGNTDQGTYASAFGPELLM	41	-1	3.6100000215810724e-06	0.0	non-AMP
AMP180	MVMVILKTYLRNASIRVMVVLILGLMAYSVANRIGSVSITT	41	4	6.090000169933774e-06	0.0	non-AMP
AMP181	MAYRVFGTYRIIRIVSVEPGIRVIVSGMVLKVSGFVRTYKSR	42	7	6.4300002122763544e-06	0.0	non-AMP
AMP182	MKRIVITCSLCPKVMVTEPELRKSERSETVMGISDSLANSL	41	1	1.0179999662796035e-05	0.0	non-AMP
AMP183	MRILVRNVVSVKQGRFGVSIASIKRLKIVRIVMVIGSVIVMV	42	8	0.0004032299912068993	0.0018	non-AMP
AMP184	MAILEPVYLTKLLIVLLKTYRILVLYAPCISDPYVTVLKRQL	42	3	1.1160000212839805e-05	0.0	non-AMP
AMP185	MVLIRIMRVSIALSYRTIKSREPKILASDHERITIEPLGIHCQ	43	3	0.011287289671599865	0.0493	non-AMP
AMP186	MLKLIRNASCSRYLLGSVIIRVYPGIVIVGQKRNSGQVCSMLP	43	6	0.0005099399713799357	0.0022	non-AMP
AMP187	MKVMGQANRFWPKITKAQCLLVGNRIVLVAMKVNRVYLPDQEM	43	5	5.348999911802821e-05	0.0002	non-AMP
AMP188	MLANASKSALMAIPDQKLRYTGSIGSKTELLGFREPKSVSA	41	3	0.0007936300244182348	0.0034	non-AMP
AMP189	MLVIVMRYSAITESREPGMVLREQDPAYTETVNRKRIKSLN	41	2	8.869000157574192e-05	0.0004	non-AMP
AMP190	MLKVMGSIVVLLYTANVVLALNGTLGFVVLIRKMSGLSKAQDH	43	3	1.6399999367422424e-05	0.0001	non-AMP
AMP191	MANGSGFVLIAQCLSGSKLRYRLVKSVAILVLVMCRLAIHCT	42	5	0.012956250458955765	0.0566	non-AMP
AMP192	MVLLYRTYITGMLGSGMLAFGSVVILTETKLANVVLLLVLLS	42	1	5.880000117031159e-06	0.0	non-AMP
AMP193	MVSKLLKTYTKRSERFWIQWNVRKLLCPERLKMVVSGLLQGFA	43	7	8.525000157533213e-05	0.0004	non-AMP
AMP194	MKTKNATYLRYSAKSKVTYRLKTKLLAILVIANLRVVMCPFV	42	9	4.2100000428035855e-06	0.0	non-AMP
AMP195	MAIIRVMIAMIGSVVISDPYAMGSKSLGLSGIRLEPETKTNM	42	1	0.003404960036277771	0.0148	non-AMP
AMP196	MVSKSAMIRILRYLTETIIAFAILVVIVVKLVLKSKRLKNTEP	43	6	0.012168499641120434	0.0532	non-AMP
AMP197	MVSCSVGQKRISGLMAIAFWSKLAISDSLGLNAILVQKTRNT	42	4	0.0015851500211283565	0.0069	non-AMP
AMP198	MLKRIVITGFAMGFAMIRRYNRAMVMGMSGLFGLLSGNTGQS	42	5	7.790000381646678e-06	0.0	non-AMP
AMP199	MKTKISDPVETLGMLKRNRANRKRIRNANRAILIGLLLKLSE	42	8	6.6230000811629e-05	0.0003	non-AMP
AMP200	MVILIVQDQGSGFGSGLMKRSELRILKVTELRYLLANSWNPELT	44	1	3.161999848089181e-05	0.0001	non-AMP
AMP201	MVVLIVLLERPDQLWMILVLLKASKLITYAPYVLLIASGLS	41	1	4.400000079840538e-07	0.0	non-AMP
AMP202	MLKRNAMVLVFALLIVPCMLCLLGILKAILVKMRYLPAYRSI	42	6	0.001312199980020523	0.0057	non-AMP
AMP203	MVLVISGSVIITVNVVTESGQGMKTIGMVVVMVETLGMGSIS	42	-1	2.3299999156733975e-06	0.0	non-AMP
AMP204	MVIRNAMVRYLRKSGMRKSCSVRYLVAFGVSCLVSERSCSLD	42	6	0.0010931199649348855	0.0047	non-AMP
AMP205	MAFGVSELTGYQWRNYRRAFEATYVLSDSIGTIVIVTIVIP	41	0	0.000430410000262782	0.0019	non-AMP
AMP206	MAFGPESAMVAFGTLEPKAQCSANRKLVLVVLVLLAMIALVIT	43	1	0.009638279676437378	0.0421	non-AMP
AMP207	MKLVKPETINATVNKPWFIGQGLMCTIKLLGQGFGQAKTYSIP	43	4	0.0023786600213497877	0.0103	non-AMP
AMP208	MVVLKTKSKTKLANLALFDPLKAMVKLIRKSVIVTYRTEPES	42	6	0.00011536999954842031	0.0005	non-AMP
AMP209	MVLKLVVFDPVIKPGMRNAVSKRILAILVLVLYTLGQIAQT	41	4	2.4529999791411683e-05	0.0001	non-AMP
AMP210	MVLKTETIAQCTRYIRTDHERRNGRQCRSCSGQGKPVKRNAFT	43	7	0.00015140000323299319	0.0007	non-AMP
AMP211	MITKMRKSIAFVRINRVVFVAMVVIVVRIYRLVLKNRAILNLT	43	9	2.3340000552707352e-05	0.0001	non-AMP
AMP212	MVMVGQGITIKTIKLTYANRVILLERTELLGLFGVSILRLNVP	43	3	1.6699999605407356e-06	0.0	non-AMP
AMP213	MLVILVSIVSVKPETVMLGHDFRANGMRVLNVVMAISGVMGF	42	1	3.3900000744324643e-06	0.0	non-AMP
AMP214	MIRIYTLKNRVMVITKRNGLRYRMGSGQGILVITESKLASIYP	43	7	0.005305499769747257	0.0231	non-AMP
AMP215	MVLANALIRILASYVPGISDHDTMERTKILGSERIVPETGFAS	43	-1	0.0005731899873353541	0.0025	non-AMP
AMP216	MVMVLIRFGMLANVTGFREHWISGVMRCSKVVLSELPDLLLKS	43	2	0.00013039000623393804	0.0006	non-AMP
AMP217	MITKMVSKSRKPESGQWFGQWQEVSAVMIALVIVLVMRKTMKP	43	5	3.3230000553885475e-05	0.0001	non-AMP
AMP218	MVVLKLLVILLGFLDHVCHWLILKRIGFVGSIGMKRRKNRTN	42	7	4.0899998566601425e-05	0.0002	non-AMP
AMP219	MVIRIITCFRKSLKLSAIFAVPEKPGVNVRIAFKRILKRLEH	42	8	0.00031398999271914363	0.0014	non-AMP
AMP220	MVLYRLIITKSIVLLVLLKLVLIAMLGMSWNSGIRNAVLVVMGF	44	4	0.0004009100084658712	0.0017	non-AMP
AMP221	MLVLIRILVLIRISKVPGYPGVILVVSGMGFAVMCRLKVPVMS	43	5	3.189999915775843e-06	0.0	non-AMP
AMP222	MLGSGFGSGFGSKTKLVLVKSVKRMKVLVREQKALLKKSKAQY	43	10	0.1084253266453743	0.4984	non-AMP
AMP223	MKPDHEVPGNLRKQETRYVTETIEPVGFAKPEVLIVLLAYSL	42	-1	0.0010612000478431582	0.0046	non-AMP
AMP224	MANVAMKLLVNRVSETIAMLVLLIIAPDMVVMVVLIVAFGTF	42	0	1.5599999869664316e-06	0.0	non-AMP
AMP225	MKTEPCTNAISAYPETVILVLIAMLGILLWFKVRIIRLKSMCT	43	3	0.0007482200162485242	0.0033	non-AMP
AMP226	MIRIVILAFGFRGQKWHVDHGILVLGQERIVLGLMGLVLILVM	43	2	5.1139999413862824e-05	0.0002	non-AMP
AMP227	MAFGMALYTYTILVLLIALILVILAILVILAMILKRMGSAFI	42	2	0.0002564899914432317	0.0011	non-AMP
AMP228	MVSCQWMMAMVLIVLRIYTGMIVRIIALLCLIALIVLKRLYTL	43	4	5.079999937152024e-06	0.0	non-AMP
AMP229	MAFGPCFALKPKLSCPKKTIVVLKVLANIVTYVTKMVLVKSVI	43	7	0.007359419949352741	0.0321	non-AMP
AMP230	MKTKLIRILVLVLILVTVILGSKLVVLKSKRVMKLVLKLLLIS	43	9	2.0729999960167333e-05	0.0001	non-AMP
AMP231	MIRILVLLVMRIILLGSIVLIGTKNGLAILKVLIGSAILKVF	42	5	1.2849999620812014e-05	0.0001	non-AMP
AMP232	MRYTEPVKSAKQDQGLLKLALKMVRIIALKILETIVLVGFRIIR	44	6	1.8700000055105193e-06	0.0	non-AMP
AMP233	MIRIIVTKIPETVNGTVILKLAIIALITGILVVLYALIGSVVF	43	2	9.690000297268853e-06	0.0	non-AMP
AMP234	MVLIVLVFARMLGFLWQKRMGQGVMVANLGSGNLGLLVLILNT	43	3	2.454999957990367e-05	0.0001	non-AMP
AMP235	MITGFCPAMNAPCSNWPIANTGMILGLLIGSLIGPIGFAVQIS	43	0	0.00042684999061748385	0.0019	non-AMP
AMP236	MKTKIRIRLNRVILVILVVSKVSGSELRKKQWILKVSKIRSIL	43	11	0.0003760899999178946	0.0016	non-AMP
AMP237	MGSGFGSVISGSKLLGQGMVLLGMVLGFAGFVVSKVMVVLAISC	44	2	0.014221079647541046	0.0622	non-AMP
AMP238	MVLKTETKTGMVVVSKKPGLILGSLDQGLIAINALVLYLRKFA	43	4	0.00018653999723028392	0.0008	non-AMP
AMP239	MKSKLLKTIKSRVYPCLLLCQAVIMALIRKIRLKILVLLKPNR	43	11	0.00020014999608974904	0.0009	non-AMP
AMP240	MIRLYRQDHKTKSLCPIGQGMTCSKLRKLIVIASEMRGMVVLNR	44	7	0.00039813999319449067	0.0017	non-AMP
AMP241	MIRIVLLKSKTIAFVRLMVVLSDQVGSAMKIRKLSKVLAYTKF	43	8	3.8300000596791506e-05	0.0002	non-AMP
AMP242	MVVLIVTILAFLWHYWHKVRNLARNRKSRERQEASVVIRKMLI	43	7	9.31999966269359e-06	0.0	non-AMP
AMP243	MRYAMGFAMVLVNRLIRVMGPETKLRESAIIRNALILGSKVQG	43	5	0.004364130087196827	0.019	non-AMP
AMP244	MIRILEPALNTGSIILRLIVSGFWFVGSLETIVVKPEITKLSG	43	1	6.910000138304895e-06	0.0	non-AMP
AMP245	MVSGQCSTEQRKPIILRRKFAITCSYRLVILGFGLLIVLVLRNA	44	6	1.4999999621068127e-05	0.0001	non-AMP
AMP246	MVMLKSVISVLLVMGQAKSVILVMAIILAIVMLKRIYRIASII	43	5	0.00025670998729765415	0.0011	non-AMP
AMP247	MLCSGMLVKPKVSVIRMLCSLCSLKASKKRLLELRGILVRYFA	43	8	0.07299558073282242	0.3292	non-AMP
AMP248	MIRVNVTIISALMVVMTDQMGRFGKTKITERSELVLKTETKLIR	44	4	0.00023794999287929386	0.001	non-AMP
AMP249	MMGTYLLVMVLVFVVLSVITIANVRKVSEASLESKRKLVVKLMA	44	4	0.0003789199981838465	0.0016	non-AMP
AMP250	MVLYRLNRMVSVVQETRIKSGLILKLGPIKLLVEPKGQKALNK	43	7	0.0003745800058823079	0.0016	non-AMP
AMP251	MSGMKTILVMAMLKLLKRSCSVIVLLGMVIAFVGLIAIIPKIM	43	5	0.0010217500384896994	0.0044	non-AMP
AMP252	MLGLILKQAKHCLLIVLLLVSLVILAIVSGMLRESVVKSGLVFW	44	3	0.0015515000559389591	0.0067	non-AMP
AMP253	MILKMRYTIVPCFRLLMIRVFGMLGTEPERLIIALIVVVIIRI	43	4	6.889999895065557e-06	0.0	non-AMP
AMP254	MMGSCSVMVPKITILITRESIALILGSVVIVLVKSVGFVASESR	44	2	0.0009783100103959441	0.0043	non-AMP
AMP255	MMASETSDHKAFRCHCLTKLVLIGSVKRIREQGGPEKTAELSE	43	1	0.004721300210803747	0.0206	non-AMP
AMP256	MKRIKSKTKSIVVQCLQWSILCSRKYTVAVFKAILLVVSDQKR	43	9	0.0016069300472736359	0.007	non-AMP
AMP257	MVLIVSKTKSVGHEKPREMPDTFDQAVSYASKLKITKKSAIQC	43	4	0.05459804832935333	0.2438	non-AMP
AMP258	MITKILVLILVLIVLILAVFLWQVESRKLIVRMAIIRIVTLNR	43	5	0.0003060000017285347	0.0013	non-AMP
AMP259	MRYRILVLITIVTIKSGSGHCIPGLNAKTKIITGKSEAPKKHC	43	7	0.00027258999762125313	0.0012	non-AMP
AMP260	MRFGSKVMVSGQGMVPCLLVIVTELLGMLGLIIGLVLIGSGFRA	44	2	0.010999499820172787	0.048	non-AMP
AMP261	MSKLRYSVRIMAMLKLLVLVMAIVMAVSVDQIWSYRKVTEITQG	44	4	1.4090000149735715e-05	0.0001	non-AMP
AMP262	MLIRLYTVMLVSVIVSAIMRKLILAYSGTLESKRELSDPKVSK	43	4	0.00015284000255633146	0.0007	non-AMP
AMP263	MLVIVMVILLVNLVTYTILVSGLIIVLRKFGTKNGRNGSGSYS	43	4	1.3000000080864993e-06	0.0	non-AMP
AMP264	MLKTGFIASMKSRIISAMLVNALLYRLLEPGFAILVLKSAIFR	43	5	1.97000008483883e-05	0.0001	non-AMP
AMP265	MIRKQDPKSCPKNVRMVVFGTNGSVKTKLKLVLYRIVRYVSL	42	9	8.792999869911e-05	0.0004	non-AMP
AMP266	MVNRLILLKPCSLGSILAMVSGMVMGTIVGMLKVMAKLLIKHG	43	5	0.0008310200064443052	0.0036	non-AMP
AMP267	MLVNASIVSIRSEQGTYLLGQGSYASGNRGFKRIKRIVVLVSIN	44	5	2.0710000171675347e-05	0.0001	non-AMP
AMP268	MRYITWHEMRRINALLKQWSVIKSAGFGSDPELCMVGLVYAQK	43	3	7.904999802121893e-05	0.0003	non-AMP
AMP269	MLVLKMRILNRRSESLAMMCPVKSKRKLLELPGYTIGSLILSK	43	7	0.0008310099947266281	0.0036	non-AMP
AMP270	MLVVNAMVILLVMVSGFALAMKLVRYSGTKIIRETKKLASELSG	44	4	1.4400000054592965e-06	0.0	non-AMP
AMP271	MLANAIPCMPDFRVNRLVLKQGAFIGTIAYSAVIYTCTKLKPK	43	5	0.001413149992004037	0.0061	non-AMP
AMP272	MLVIIRVFGPKTESVVSIGQASESLDHAELVKLKIRKLGQERQA	44	2	1.9270000848337077e-05	0.0001	non-AMP
AMP273	MIRLEPIVPYRSIRKQVVLSERTEFWPGNANRVLEPGYTVEPIA	44	1	2.203999974881299e-05	0.0001	non-AMP
AMP274	MVITESLVLFWQKLLLGQKGPGYMVLASELLVVIVIVALKLMK	43	2	4.4860000343760476e-05	0.0002	non-AMP
AMP275	MLKLIRSYTKSGFVTILIRISGNTGLITGYTKLVKSKAFGLSIR	44	8	0.00021193000429775566	0.0009	non-AMP
AMP276	MMAMGFRYRFGLLLGFLAAQEVRSDFVRVKSYALIGFAVLVIFA	44	3	0.0006640999927185476	0.0029	non-AMP
AMP277	MMAIILVMLVLMVLVMVVTVYRLKMGSVKRYLVKVLKRLMDHE	43	5	0.00048692000564187765	0.0021	non-AMP
AMP278	MSDQGISVGHVKPLKITREPVKPKMALVIAMLGFAVLIVLGMQV	44	3	0.0007179999956861138	0.0031	non-AMP
AMP279	MLIAMAMLLLLILLVLLIALLKAFKASKVVVSCIVTCSYALLY	43	3	0.0004714899987448007	0.002	non-AMP
AMP280	MLVLKQGSKSVRIMKRQWFVVLKSGLILAIILGILGMVVLAFYV	44	6	3.400000139208714e-07	0.0	non-AMP
AMP281	MLLYRLIITVLMRIITVILLAKFVGSVVVIVYTVKLIALVNVLR	44	5	8.499999921696144e-07	0.0	non-AMP
AMP282	MVRIIRMAMMGPKLMVLRIVSKVPEVTKLGFAIKRIKAMVVMPG	44	8	0.0001412999990861863	0.0006	non-AMP
AMP283	MVLIAFATYPGQANLRVSCSLGTFDVPAESGNRVETLGISGNRV	44	0	0.00020389999554026872	0.0009	non-AMP
AMP284	MSDPELPERQKRFGVSLGSLKRIIALKTKIITGKNRGLNALIQG	44	6	0.0009665300021879375	0.0042	non-AMP
AMP285	MMALYRSGQGQWQETSGMLAFALKSGVVSDQAIGMVKRMAYQG	43	2	4.7399998948094435e-06	0.0	non-AMP
AMP286	MVSGFAGHERFREHAEHADHLDFTGNASGKSYARYVVVLVILI	43	-1	0.00044612999772652984	0.0019	non-AMP
AMP287	MMVLYTVMVITVVFAVSYASVIVLVKVLGLILGFGILGSKSKSA	44	3	1.976999919861555e-05	0.0001	non-AMP
AMP288	MVMAILVMLVSVILSGSIVLLRKFVRKMRCSNGVSCLIRAFCQV	44	6	0.003098239889368415	0.0135	non-AMP
AMP289	MKLRYFATNRVSLEQRVMILRLIRYLAGQGKSVKRNKVRLKIPC	44	11	0.0016670499462634325	0.0072	non-AMP
AMP290	MSETVILVLVMLAMIVSRYRTESVIRKLSDNPWINALGSEVPIR	44	1	1.3320000107341912e-05	0.0001	non-AMP
AMP291	MVLKLMAFRISGSIIRLVILRLEHDTIVIAYTGIIVVAMGKPYR	44	4	0.00033186000655405223	0.0014	non-AMP
AMP292	MMRIVMGSIVTMKSILRLIRNRVFGTKLVIAMIGLLKAFRKMSA	44	9	4.580000222631497e-06	0.0	non-AMP
AMP293	MVLLEPAYSALLILLLRIITGFAIITDPKIRKSERLEASKAFRN	44	3	5.509999937203247e-06	0.0	non-AMP
AMP294	MSGMAISVIPDQKKPGNRMAMANVLRKMVAIMKAILIASIGQKR	44	7	0.00019382999744266272	0.0008	non-AMP
AMP295	MLKLLEPIKPLKLFWSNALIRLGFKGPLDSIALVYTGILAINVT	44	3	0.0001005000012810342	0.0004	non-AMP
AMP296	MMRILKPEPIISGSESRGFGLIVLKVLVVIVIIVRKIKRRYFA	43	7	7.229999937408138e-06	0.0	non-AMP
AMP297	MLGMGMLASIRNAQGFARIVSETVIIASGKSKKTCIKVRIKSMW	44	7	0.2996932566165924	1.5471	non-AMP
AMP298	MIASESAMKPKVSKLLRIILRKSGFCRTKIILVGSYALLKVSYR	44	9	0.15337127447128296	0.7231	non-AMP
AMP299	MIRIIVSVISKRFVMRSCQGSGQKLVRMKVSVVIKLLGTNKRFG	44	10	0.003607529914006591	0.0157	non-AMP
